"","PctExtNullSelfRedirectHyperlinksRT","FrequentDomainNameMismatch","NumDash","SubmitInfoToEmail","PctNullSelfRedirectHyperlinks"
"PctExtNullSelfRedirectHyperlinksRT",1,-0.00248482393421518,0.00426702976965867,-0.0102797446891365,-0.011751612892594
"FrequentDomainNameMismatch",-0.00248482393421518,1,0.0113696293760794,0.554677776398476,0.000774471136506693
"NumDash",0.00426702976965867,0.0113696293760794,1,0.014243220638481,0.00572929579796815
"SubmitInfoToEmail",-0.0102797446891365,0.554677776398476,0.014243220638481,1,0.00232694450865174
"PctNullSelfRedirectHyperlinks",-0.011751612892594,0.000774471136506693,0.00572929579796815,0.00232694450865174,1
